{"cameraMode":{"drawMode":0,"name":"Shaded","section":"Shading Mode"},"sceneLighting":true,"audioPlay":false,"sceneViewState":{"showFog":true,"showMaterialUpdate":false,"showSkybox":true,"showFlares":true,"showImageEffects":true,"showParticleSystems":true,"showVisualEffectGraphs":true,"m_FxEnabled":true},"in2DMode":false,"pivot":{"x":0.05499956011772156,"y":1.0296403169631959,"z":-0.7319917678833008},"rotation":{"x":-0.010809251107275486,"y":-0.006902508437633514,"z":0.00007420482143061236,"w":-0.9999210834503174},"size":5.047994613647461,"orthographic":false}