{"cameraMode":{"drawMode":0,"name":"Shaded","section":"Shading Mode"},"sceneLighting":true,"audioPlay":false,"sceneViewState":{"showFog":true,"showMaterialUpdate":false,"showSkybox":true,"showFlares":true,"showImageEffects":true,"showParticleSystems":true,"showVisualEffectGraphs":true,"m_FxEnabled":true},"in2DMode":false,"pivot":{"x":-0.46925652027130129,"y":1.157037615776062,"z":-8.717344284057618},"rotation":{"x":-0.12649448215961457,"y":-0.31495434045791628,"z":0.042407650500535968,"w":-0.9397015571594238},"size":0.5235649347305298,"orthographic":false}